fruit_id,weight_g,diameter_cm,length_cm,width_cm,red_value,green_value,yellow_value,sweetness_score,firmness_score,seed_count,shape_code,fruit
1,140.34,3.38,18.4,3.46,190.25,192.52,192.88,7.36,6.8,0,1,Banana
2,175.08,6.87,7.29,5.85,186.94,133.92,110.67,4.86,5.16,32,0,Guava
3,95.9,4.5,7.43,5.01,215.13,186.55,205.75,2.23,7.51,7,2,Lemon
4,223.22,8.11,7.31,8.01,185.3,89.06,35.32,7.4,8.05,5,0,Apple
5,84.85,2.61,17.91,3.3,213.06,163.45,233.29,8.75,5.98,0,1,Banana
6,156.31,7.44,7.33,7.29,220.03,106.19,158.65,6.64,7.13,10,0,Orange
7,170.55,8.08,7.04,7.73,161.66,80.89,37.9,6.66,8.67,4,0,Apple
8,177.68,6.63,7.13,5.97,151.97,164.03,119.32,6.41,7.97,30,0,Guava
9,178.72,7.46,8.01,7.8,185.29,89.98,55.8,6.8,7.13,6,0,Apple
10,195.44,7.93,11.22,7.62,221.02,143.75,200.09,9.26,5.77,1,2,Mango
11,189.63,7.75,7.33,8.32,182.82,78.86,41.44,5.97,7.0,5,0,Apple
12,96.23,3.46,16.3,3.49,209.81,140.59,213.68,8.29,6.11,0,1,Banana
13,109.27,3.2,18.69,3.35,198.19,205.66,251.58,8.4,6.47,0,1,Banana
14,106.98,4.87,6.97,4.78,239.09,221.07,240.52,4.08,8.22,7,2,Lemon
15,282.33,8.45,9.56,6.84,217.07,121.31,157.52,8.38,4.94,1,2,Mango
16,192.55,6.92,6.28,6.92,242.18,107.54,166.47,6.58,7.7,9,0,Orange
17,223.18,6.81,7.59,7.25,183.47,63.94,48.98,8.3,8.47,8,0,Apple
18,172.21,7.02,6.78,7.03,229.58,128.48,214.13,6.73,6.84,10,0,Orange
19,109.43,3.2,18.82,2.85,186.41,124.06,220.65,7.11,5.12,0,1,Banana
20,155.45,6.85,7.17,7.44,167.66,101.62,30.84,6.59,7.53,6,0,Apple
21,175.38,7.19,7.75,7.33,174.29,77.96,64.58,7.37,8.33,6,0,Apple
22,92.66,5.86,7.1,4.81,201.97,212.21,227.47,1.98,8.52,9,2,Lemon
23,81.53,5.1,7.55,4.51,224.91,207.36,205.96,2.45,7.16,7,2,Lemon
24,83.86,4.51,7.88,4.78,255.0,214.43,223.03,2.43,7.6,10,2,Lemon
25,221.5,8.84,11.64,7.28,158.75,153.03,144.68,8.8,8.63,1,2,Mango
26,114.07,4.5,6.11,4.51,230.17,202.42,241.56,3.44,6.09,9,2,Lemon
27,177.6,8.01,6.17,6.73,161.93,114.22,60.09,7.77,7.09,5,0,Apple
28,115.45,3.37,15.56,3.41,244.43,186.65,212.48,7.59,5.09,0,1,Banana
29,114.37,5.87,7.25,4.34,211.08,200.18,255.0,1.53,7.4,7,2,Lemon
30,111.13,6.23,6.43,7.1,176.89,99.93,74.72,6.37,6.57,23,0,Guava
31,55.9,5.24,6.01,4.95,221.28,192.6,221.32,3.12,6.34,9,2,Lemon
32,98.04,2.95,17.72,3.29,215.1,202.11,184.7,8.78,5.51,0,1,Banana
33,167.97,8.15,6.68,6.45,138.45,85.58,55.56,6.88,8.97,3,0,Apple
34,210.01,7.26,7.69,7.07,228.9,131.86,153.68,6.33,7.51,11,0,Orange
35,100.31,3.51,14.62,3.64,209.01,145.19,208.34,7.19,6.37,0,1,Banana
36,172.71,6.63,7.9,5.63,154.81,164.16,86.71,6.8,6.0,33,0,Guava
37,106.31,3.03,17.47,2.83,214.12,199.19,225.86,6.73,5.38,0,1,Banana
38,114.41,4.97,7.03,5.27,236.91,172.49,225.29,2.9,7.0,3,2,Lemon
39,185.71,6.44,7.37,5.96,150.88,133.33,129.72,6.81,7.33,37,0,Guava
40,168.61,6.84,6.45,7.05,246.19,103.44,182.78,7.5,7.1,10,0,Orange
41,179.99,9.5,11.41,7.18,178.15,100.68,210.58,8.22,7.37,1,2,Mango
42,173.7,7.57,7.86,6.25,179.08,88.53,60.33,6.63,6.59,6,0,Apple
43,74.27,5.28,6.46,4.72,219.68,197.16,203.21,3.21,6.96,9,2,Lemon
44,85.82,5.4,7.33,4.81,207.09,194.54,250.19,2.84,7.63,5,2,Lemon
45,158.08,7.46,6.41,6.74,238.23,59.25,35.26,8.84,10.0,5,0,Apple
46,82.06,3.43,19.33,3.49,194.17,191.84,237.21,9.25,4.62,0,1,Banana
47,146.1,6.37,8.12,5.29,145.29,154.91,89.38,7.4,7.73,30,0,Guava
48,102.81,3.49,18.55,3.33,196.28,153.52,209.25,8.43,4.54,0,1,Banana
49,220.27,8.65,7.02,6.53,177.24,79.28,51.58,5.89,8.46,7,0,Apple
50,97.94,6.53,7.01,6.38,207.66,186.01,120.7,5.54,6.54,30,0,Guava
51,148.23,6.84,7.32,6.67,223.84,126.61,189.92,6.66,5.03,4,0,Orange
52,199.96,6.65,7.19,6.99,228.5,122.94,172.14,7.96,7.6,8,0,Orange
53,97.77,3.63,16.75,2.8,191.19,149.47,221.04,7.78,5.16,0,1,Banana
54,100.78,4.94,7.31,4.58,221.89,193.28,238.69,2.89,7.04,4,2,Lemon
55,114.37,5.07,7.32,4.75,234.5,196.28,235.87,2.61,7.86,6,2,Lemon
56,282.3,8.57,10.24,7.42,219.53,195.3,192.93,7.67,6.49,1,2,Mango
57,164.29,7.25,7.15,7.33,231.42,139.12,187.42,6.48,5.05,11,0,Orange
58,110.88,3.58,18.3,3.18,205.74,135.82,227.77,6.59,6.25,0,1,Banana
59,92.73,3.45,18.11,2.82,209.56,184.11,231.12,8.14,5.79,0,1,Banana
60,121.02,3.27,14.84,3.1,213.88,149.39,238.16,7.04,5.21,0,1,Banana
61,211.24,7.79,7.53,7.69,193.52,49.33,56.51,6.44,6.98,8,0,Apple
62,98.83,2.97,16.55,2.98,191.07,171.39,195.67,8.67,4.58,1,1,Banana
63,240.23,8.67,11.01,7.78,170.43,163.61,186.06,8.46,5.56,1,2,Mango
64,82.48,5.05,8.06,4.69,230.25,229.89,226.75,3.95,7.5,11,2,Lemon
65,100.06,4.81,7.01,5.3,239.53,205.92,255.0,1.94,6.71,6,2,Lemon
66,207.82,7.39,6.74,7.37,211.23,65.48,38.61,7.56,7.82,7,0,Apple
67,103.82,4.76,6.62,5.31,238.88,182.18,233.39,2.42,7.53,8,2,Lemon
68,102.43,5.6,8.1,5.22,225.46,185.67,243.64,3.84,7.85,8,2,Lemon
69,174.95,7.24,7.31,7.17,169.3,91.23,47.76,7.24,8.22,5,0,Apple
70,247.68,8.83,12.05,7.84,168.88,155.21,153.1,8.07,5.08,1,2,Mango
71,306.69,8.43,10.61,7.25,190.02,133.79,187.13,8.87,6.89,1,2,Mango
72,137.93,7.35,7.27,7.66,202.78,100.87,48.72,6.54,8.69,6,0,Apple
73,179.06,6.82,6.52,6.93,185.73,169.99,109.09,6.73,6.93,33,0,Guava
74,178.56,8.05,9.79,7.82,254.99,134.0,133.33,9.13,5.27,1,2,Mango
75,138.95,5.79,6.57,6.88,156.87,166.28,99.77,5.84,8.51,29,0,Guava
76,101.25,5.11,6.96,4.58,226.36,207.95,234.8,2.25,7.3,9,2,Lemon
77,265.01,8.61,12.19,7.77,191.07,161.7,173.93,8.79,5.27,1,2,Mango
78,153.98,7.32,6.49,6.79,240.26,113.95,137.82,7.8,7.4,8,0,Orange
79,90.99,5.06,7.51,4.94,233.3,196.41,232.18,1.93,7.73,6,2,Lemon
80,132.1,6.55,6.25,6.35,131.67,143.94,125.9,6.97,7.51,21,0,Guava
81,127.69,7.25,6.79,8.22,213.71,102.37,180.2,8.58,6.55,9,0,Orange
82,157.3,7.0,6.77,6.69,138.22,143.06,89.01,6.84,8.04,29,0,Guava
83,78.74,5.52,6.89,5.05,180.38,201.37,232.58,2.11,7.64,6,2,Lemon
84,279.03,8.04,10.92,7.27,138.68,170.85,204.79,8.01,6.35,1,2,Mango
85,191.2,7.53,7.45,7.32,191.95,88.16,69.0,7.81,6.7,4,0,Apple
86,122.25,7.52,6.99,7.61,202.55,87.76,68.68,7.23,8.42,5,0,Apple
87,91.79,2.98,16.63,3.19,185.23,159.29,205.43,8.62,6.31,0,1,Banana
88,206.67,7.09,6.36,6.6,203.89,125.31,167.56,6.78,8.11,9,0,Orange
89,247.73,7.97,10.76,7.11,198.06,138.04,170.54,8.92,5.86,1,2,Mango
90,165.65,6.31,6.81,7.31,225.8,115.78,198.02,6.26,5.86,8,0,Orange
91,174.33,7.25,7.09,7.08,212.22,85.64,173.0,7.49,7.47,11,0,Orange
92,98.37,4.94,6.42,4.75,207.45,199.72,247.1,3.68,7.8,9,2,Lemon
93,192.89,7.24,7.77,7.12,169.08,95.82,68.73,7.45,6.65,7,0,Apple
94,306.21,8.91,13.47,6.73,178.37,131.12,125.66,9.24,5.73,1,2,Mango
95,141.67,7.86,7.29,7.29,205.88,110.19,194.76,7.46,4.97,10,0,Orange
96,154.29,7.39,7.45,6.61,217.17,126.96,204.52,5.48,6.72,5,0,Orange
97,187.18,7.01,7.54,7.11,236.88,131.53,183.95,9.25,7.28,5,0,Orange
98,190.86,7.61,6.93,6.75,186.8,74.41,59.19,7.02,9.28,6,0,Apple
99,133.86,6.83,6.5,6.46,173.67,152.79,125.2,6.2,6.81,25,0,Guava
100,189.9,8.2,6.69,7.23,166.18,67.11,49.13,8.43,9.47,6,0,Apple
101,189.74,7.55,7.13,8.11,169.44,126.21,50.94,5.72,8.06,5,0,Apple
102,168.96,7.15,6.64,7.06,245.34,138.99,168.09,6.78,6.0,9,0,Orange
103,108.38,4.77,6.63,4.93,252.5,212.92,216.22,2.29,6.76,6,2,Lemon
104,252.92,8.75,12.33,7.1,176.37,63.89,159.46,8.13,4.98,1,2,Mango
105,161.35,6.94,7.43,7.58,140.33,82.55,72.92,8.06,8.82,6,0,Apple
106,99.03,7.0,6.96,6.08,140.99,163.96,87.12,4.24,7.37,33,0,Guava
107,141.29,3.1,17.19,3.15,199.55,192.37,225.12,8.52,5.49,0,1,Banana
108,146.04,6.85,6.93,6.79,230.11,115.37,140.75,7.9,7.1,10,0,Orange
109,187.12,6.91,7.5,6.72,207.72,127.54,134.87,6.98,7.53,4,0,Orange
110,146.35,8.05,7.14,6.13,190.5,108.97,106.89,8.49,6.9,21,0,Guava
111,127.03,3.36,17.85,3.59,211.58,184.8,226.08,7.93,4.97,0,1,Banana
112,187.99,6.22,7.44,6.29,153.94,134.12,103.82,5.73,7.15,29,0,Guava
113,95.82,5.11,7.61,5.2,209.3,194.77,222.28,2.35,7.76,0,2,Lemon
114,81.26,4.9,6.99,4.97,250.9,204.65,249.43,3.66,7.96,7,2,Lemon
115,271.17,8.9,11.35,7.54,165.46,119.18,194.23,8.81,6.46,1,2,Mango
116,262.75,7.88,11.2,7.15,200.05,124.64,200.29,8.33,5.35,1,2,Mango
117,267.95,8.99,10.79,8.03,147.11,107.57,192.74,9.67,6.49,1,2,Mango
118,128.1,3.37,17.67,3.4,224.0,154.76,237.56,6.9,5.83,0,1,Banana
119,159.27,6.27,6.87,5.96,150.97,202.23,132.7,6.85,6.98,34,0,Guava
120,154.56,7.08,6.46,5.88,125.95,161.26,106.32,6.04,6.09,24,0,Guava
121,114.14,3.35,17.34,3.18,236.41,172.14,255.0,8.07,7.29,0,1,Banana
122,196.63,7.46,7.01,7.36,142.82,56.06,31.19,6.0,8.32,5,0,Apple
123,237.31,8.12,11.32,7.88,179.31,130.1,170.03,7.61,6.4,1,2,Mango
124,103.02,4.44,6.7,5.52,213.73,185.23,221.76,2.77,6.91,7,2,Lemon
125,133.05,3.63,16.81,3.33,173.86,181.67,198.73,8.16,3.94,0,1,Banana
126,98.76,3.44,16.49,3.42,220.18,220.91,215.94,8.3,4.01,0,1,Banana
127,92.28,5.28,7.01,5.91,227.72,193.91,209.34,2.07,8.42,4,2,Lemon
128,158.03,7.62,7.02,7.1,210.18,116.95,174.21,8.63,6.68,11,0,Orange
129,107.99,5.42,6.43,4.97,214.06,157.02,230.69,3.56,7.87,11,2,Lemon
130,159.54,6.48,7.54,6.02,179.65,168.46,104.76,6.19,9.18,26,0,Guava
131,227.63,7.52,7.99,7.36,188.28,92.31,112.22,7.85,7.43,7,0,Apple
132,86.36,5.6,8.49,4.38,202.33,170.86,233.45,3.22,7.97,7,2,Lemon
133,111.88,3.22,15.56,3.81,230.15,182.42,193.06,8.17,4.38,0,1,Banana
134,130.0,3.29,18.97,2.95,246.16,151.01,234.98,6.65,4.57,0,1,Banana
135,123.59,6.64,6.93,6.33,180.98,125.32,100.28,6.69,6.37,37,0,Guava
136,122.96,3.01,17.09,3.23,196.78,187.13,224.77,7.93,5.07,0,1,Banana
137,180.29,7.37,6.74,8.32,229.63,107.72,38.42,7.86,8.51,6,0,Apple
138,172.05,7.11,7.25,7.14,180.85,122.64,51.95,7.41,7.81,6,0,Apple
139,132.08,6.99,7.22,6.71,230.42,96.2,198.2,6.59,8.13,8,0,Orange
140,200.42,7.78,7.76,7.17,174.11,75.42,69.23,8.5,7.63,6,0,Apple
141,176.03,7.03,6.45,7.18,183.66,120.36,57.34,7.98,7.6,5,0,Apple
142,180.3,7.26,7.87,6.69,209.31,107.1,183.21,7.65,6.58,6,0,Orange
143,141.41,3.15,18.33,3.09,207.85,134.48,173.11,8.75,4.52,0,1,Banana
144,185.64,7.93,6.7,6.87,157.67,90.78,77.41,6.57,6.0,4,0,Apple
145,145.55,5.86,7.49,5.07,143.84,139.5,107.96,7.06,8.01,26,0,Guava
146,99.31,2.63,17.32,3.0,208.47,134.99,204.76,8.12,5.87,0,1,Banana
147,293.15,9.24,11.44,7.39,176.77,137.33,196.36,8.66,6.24,1,2,Mango
148,172.24,6.46,7.2,6.06,169.3,164.39,122.32,7.21,7.53,30,0,Guava
149,217.78,7.79,6.89,6.94,185.82,60.67,42.92,7.31,8.92,7,0,Apple
150,187.62,7.03,7.54,7.82,136.22,58.96,57.3,6.68,7.99,5,0,Apple
151,97.93,4.76,6.87,4.79,196.48,166.77,218.18,3.11,7.7,8,2,Lemon
152,75.26,4.64,7.27,4.74,224.52,211.45,246.39,3.56,5.95,8,2,Lemon
153,320.25,8.39,12.81,7.68,196.78,104.93,198.44,8.27,6.86,1,2,Mango
154,177.72,8.31,11.67,7.89,207.75,153.52,189.63,8.54,5.33,1,2,Mango
155,92.82,5.07,7.07,4.09,223.55,176.63,217.2,3.65,7.9,7,2,Lemon
156,161.54,7.23,6.71,7.3,242.29,171.87,162.48,6.79,7.12,10,0,Orange
157,174.4,7.61,7.28,6.91,187.26,89.56,100.31,8.88,7.32,6,0,Apple
158,148.79,6.29,6.66,7.0,152.94,186.75,94.33,6.74,6.95,22,0,Guava
159,98.63,3.09,17.12,2.85,192.27,153.48,255.0,9.44,5.09,0,1,Banana
160,159.17,7.25,7.02,7.42,177.21,105.99,42.83,6.14,8.38,4,0,Apple
161,314.33,8.65,12.35,7.86,200.58,155.44,169.18,9.84,5.09,1,2,Mango
162,168.59,7.2,7.46,7.08,237.34,120.33,171.25,7.3,6.67,10,0,Orange
163,212.65,7.6,7.02,7.9,195.72,115.72,58.3,5.78,6.91,8,0,Apple
164,144.51,6.43,6.92,6.94,124.61,134.38,52.76,6.02,6.64,27,0,Guava
165,224.18,9.2,11.19,8.05,195.72,134.71,186.99,8.72,7.02,1,2,Mango
166,108.04,3.31,15.41,3.73,207.41,182.25,255.0,9.21,5.19,0,1,Banana
167,142.01,7.17,7.06,6.73,220.07,103.21,189.58,7.27,5.81,10,0,Orange
168,141.24,7.26,6.77,6.29,245.29,145.88,190.92,6.78,6.37,9,0,Orange
169,101.66,5.45,6.71,5.12,249.5,157.14,244.19,3.27,7.29,5,2,Lemon
170,293.57,9.95,10.11,8.23,186.75,169.18,133.81,9.53,6.79,1,2,Mango
171,172.17,7.1,7.5,7.19,248.27,141.55,200.43,7.52,7.22,7,0,Orange
172,119.44,6.73,6.67,6.24,231.75,84.63,143.56,6.72,5.83,9,0,Orange
173,67.11,5.13,6.45,5.12,230.37,197.59,220.83,1.89,8.24,11,2,Lemon
174,156.33,6.9,7.14,7.31,190.74,147.31,98.64,6.97,6.25,36,0,Guava
175,118.39,2.72,17.7,3.44,205.91,134.62,239.77,8.29,4.77,0,1,Banana
176,137.84,7.13,7.31,7.32,178.67,81.82,58.66,5.99,8.57,7,0,Apple
177,167.09,6.09,7.87,6.54,145.35,138.29,110.14,4.83,7.63,25,0,Guava
178,187.85,7.12,6.48,6.47,157.07,75.83,49.72,8.94,8.88,5,0,Apple
179,180.15,7.7,7.72,8.14,192.74,96.79,34.28,6.91,8.75,7,0,Apple
180,172.95,6.96,6.71,6.62,251.71,122.18,202.81,6.74,6.73,13,0,Orange
181,124.39,3.15,18.15,3.32,211.99,164.79,192.04,6.77,6.15,0,1,Banana
182,163.87,7.52,6.41,7.07,221.22,118.33,151.9,7.05,7.97,5,0,Orange
183,58.14,5.32,7.13,4.69,207.61,160.6,238.36,3.79,7.66,4,2,Lemon
184,106.86,5.1,7.37,6.26,183.53,132.98,112.0,7.35,6.6,28,0,Guava
185,158.81,6.65,6.82,6.03,100.34,179.22,113.97,6.32,6.88,34,0,Guava
186,206.46,9.79,11.32,7.11,220.78,153.45,189.45,8.4,5.68,1,2,Mango
187,235.64,8.05,11.28,7.65,209.57,66.25,154.21,8.61,5.9,1,2,Mango
188,122.35,6.48,7.03,6.68,200.99,164.71,94.2,7.29,6.37,25,0,Guava
189,255.18,8.32,10.66,7.85,215.93,143.48,207.7,7.12,5.94,1,2,Mango
190,136.74,6.24,7.61,6.67,229.69,114.45,175.36,6.34,6.36,9,0,Orange
191,150.63,6.74,6.99,6.74,143.45,121.79,144.54,5.9,6.49,30,0,Guava
192,100.9,4.97,6.76,4.47,255.0,186.23,255.0,3.61,6.11,6,2,Lemon
193,187.85,7.39,7.63,6.39,164.33,69.35,13.23,6.04,7.27,6,0,Apple
194,178.18,7.11,7.65,7.02,237.44,131.59,164.23,7.56,8.29,7,0,Orange
195,119.39,6.29,7.29,6.57,136.89,159.04,148.98,6.48,6.38,29,0,Guava
196,193.1,6.74,7.3,7.43,235.77,126.7,170.22,7.15,6.04,7,0,Orange
197,81.36,6.09,6.97,6.14,161.18,183.24,98.57,5.44,7.29,28,0,Guava
198,239.04,9.29,12.14,6.9,189.04,194.44,170.47,8.81,6.55,1,2,Mango
199,94.57,5.17,6.26,4.8,234.17,184.94,251.14,4.35,6.74,5,2,Lemon
200,108.91,3.19,16.57,2.98,203.63,147.4,226.46,7.08,6.21,0,1,Banana
201,142.99,2.9,20.03,3.14,228.81,176.7,211.76,6.55,5.33,0,1,Banana
202,185.21,5.36,7.4,6.09,144.74,197.31,90.72,5.82,6.88,32,0,Guava
203,126.38,6.95,7.21,6.1,158.64,152.9,87.65,6.57,6.44,25,0,Guava
204,108.45,3.27,17.05,3.5,218.55,157.7,216.63,8.83,5.89,0,1,Banana
205,169.16,6.56,7.35,7.36,231.9,69.85,144.44,8.9,6.06,4,0,Orange
206,149.33,7.76,7.1,6.11,235.36,160.0,201.52,8.85,5.68,10,0,Orange
207,149.86,6.83,7.23,7.23,216.39,125.66,129.37,7.39,7.11,7,0,Orange
208,147.67,6.44,7.51,6.79,223.87,125.74,192.85,7.22,5.54,9,0,Orange
209,177.94,6.72,7.41,6.7,246.36,164.79,167.56,5.23,6.06,10,0,Orange
210,148.67,5.76,7.26,6.47,202.7,176.2,96.54,7.32,5.74,25,0,Guava
211,96.04,5.0,6.15,4.58,217.67,181.93,236.12,3.64,8.15,5,2,Lemon
212,100.18,5.22,6.56,5.1,222.11,161.8,241.83,2.67,7.32,7,2,Lemon
213,82.6,4.22,6.4,4.54,226.33,171.09,227.3,1.52,7.64,8,2,Lemon
214,150.94,2.5,14.5,3.14,210.26,192.25,229.46,7.69,6.52,0,1,Banana
215,188.78,6.8,7.36,6.84,231.71,138.26,160.75,8.1,5.71,9,0,Orange
216,112.46,3.87,15.15,3.68,234.62,153.7,255.0,8.8,6.47,0,1,Banana
217,260.16,8.69,13.38,7.17,183.16,157.78,174.41,8.15,4.45,1,2,Mango
218,148.11,6.99,6.79,7.62,188.56,98.81,47.31,7.16,8.5,6,0,Apple
219,95.7,5.26,6.7,4.65,234.67,175.72,223.26,3.46,8.21,8,2,Lemon
220,223.09,7.42,7.03,8.06,157.32,67.11,66.58,6.61,8.0,6,0,Apple
221,138.85,2.78,16.51,3.88,230.29,177.44,201.19,7.58,5.57,0,1,Banana
222,143.44,6.42,7.64,5.96,157.28,178.87,121.18,6.34,6.74,21,0,Guava
223,178.23,7.65,7.22,7.06,207.5,99.79,52.13,6.35,8.44,6,0,Apple
224,356.19,8.29,11.08,7.56,209.68,128.0,159.23,9.24,6.38,1,2,Mango
225,247.48,7.14,11.72,7.04,197.14,106.54,175.75,8.3,6.3,1,2,Mango
226,112.8,6.99,6.35,6.66,137.47,195.04,119.99,5.49,6.17,33,0,Guava
227,314.21,8.55,9.84,6.58,191.38,127.24,152.14,8.46,6.62,1,2,Mango
228,204.28,8.19,12.28,8.03,183.23,146.34,193.96,8.59,4.71,1,2,Mango
229,207.13,7.66,7.07,7.6,177.28,103.71,22.03,6.66,6.41,5,0,Apple
230,339.2,8.53,11.56,7.31,212.65,135.13,164.47,9.19,5.46,1,2,Mango
231,170.79,7.65,7.98,6.96,178.87,100.55,62.83,6.62,7.89,5,0,Apple
232,178.91,6.84,6.29,5.99,129.9,173.19,108.41,5.11,6.83,23,0,Guava
233,148.13,6.93,7.14,7.24,246.21,119.7,160.88,7.59,6.99,7,0,Orange
234,117.11,5.62,6.46,5.93,114.64,136.65,64.71,5.48,8.08,32,0,Guava
235,85.32,5.26,6.27,4.8,229.25,213.12,211.22,2.52,6.63,8,2,Lemon
236,182.3,7.12,6.93,6.73,162.8,77.84,69.46,8.72,6.89,6,0,Apple
237,116.71,5.9,7.27,5.69,149.36,162.6,82.25,5.48,6.92,33,0,Guava
238,123.3,7.33,6.86,6.84,202.15,112.78,169.85,8.04,5.88,11,0,Orange
239,177.69,6.89,7.04,6.13,180.65,154.51,88.63,4.78,6.6,34,0,Guava
240,181.29,7.23,7.0,6.93,223.59,172.43,181.12,6.78,6.87,6,0,Orange
241,117.17,4.88,6.85,5.3,236.86,234.02,238.73,2.18,7.01,3,2,Lemon
242,262.04,8.32,10.97,7.38,213.72,123.04,173.43,8.63,7.56,1,2,Mango
243,163.97,6.75,6.68,6.55,134.78,139.78,127.54,7.47,6.36,26,0,Guava
244,115.3,3.45,17.86,3.27,234.55,169.08,184.39,7.36,6.05,0,1,Banana
245,137.99,3.23,18.69,3.17,209.11,172.11,203.28,8.53,6.15,0,1,Banana
246,305.72,8.1,12.44,7.11,230.66,110.99,208.21,8.04,8.01,1,2,Mango
247,91.6,5.18,7.18,5.0,250.43,208.74,236.07,1.56,7.02,7,2,Lemon
248,130.78,6.39,6.33,6.48,169.75,216.73,92.56,6.23,6.48,31,0,Guava
249,113.0,3.64,18.26,2.91,222.08,155.63,208.46,8.25,5.01,0,1,Banana
250,209.44,7.7,7.98,7.6,205.7,79.07,56.2,6.3,8.79,5,0,Apple
251,103.9,3.12,16.47,3.71,207.03,207.21,221.23,8.03,5.41,0,1,Banana
252,143.41,7.23,7.34,7.94,166.77,71.92,16.35,6.84,7.15,5,0,Apple
253,118.36,3.19,17.18,2.87,200.7,197.87,192.63,7.85,4.68,0,1,Banana
254,102.97,4.88,6.14,5.02,245.25,188.35,241.08,2.12,6.82,9,2,Lemon
255,137.7,7.49,6.79,7.25,182.96,50.89,25.92,7.48,7.58,3,0,Apple
256,143.8,7.47,7.32,7.0,189.75,55.9,79.05,8.25,7.8,6,0,Apple
257,251.85,8.46,12.2,6.99,210.42,158.99,142.08,9.35,8.23,1,2,Mango
258,162.04,6.69,7.13,6.68,213.51,129.22,173.02,7.72,8.25,9,0,Orange
259,163.63,7.7,7.0,6.85,153.05,88.45,83.42,7.16,7.91,6,0,Apple
260,174.1,7.65,7.08,7.96,222.72,111.2,145.8,9.3,7.16,7,0,Orange
261,123.06,6.96,6.93,6.17,235.84,118.16,128.02,7.96,7.65,11,0,Orange
262,294.81,7.94,10.6,7.46,173.72,110.85,163.96,8.17,5.33,1,2,Mango
263,57.64,5.01,7.75,4.81,218.95,152.83,241.78,3.03,6.07,9,2,Lemon
264,110.02,3.52,18.4,3.26,221.14,145.98,220.65,8.12,5.03,0,1,Banana
265,205.58,7.6,10.79,7.78,202.25,103.96,150.47,7.99,5.64,1,2,Mango
266,103.09,5.39,6.66,5.01,213.1,153.08,236.85,2.12,7.15,11,2,Lemon
267,158.89,7.28,7.07,6.54,227.88,126.22,172.3,7.35,7.33,6,0,Orange
268,185.29,7.9,7.42,7.94,192.23,77.89,61.05,4.07,8.31,2,0,Apple
269,119.29,3.33,17.04,3.18,211.66,126.98,229.54,8.0,5.54,0,1,Banana
270,227.22,8.89,11.33,7.57,212.19,170.89,170.96,8.03,7.14,1,2,Mango
271,328.46,8.96,10.94,8.15,166.49,175.27,141.03,9.25,5.59,1,2,Mango
272,260.58,9.23,13.12,7.89,192.18,167.46,158.33,8.39,5.18,1,2,Mango
273,187.23,7.78,6.54,7.26,173.24,72.22,50.05,8.49,7.31,7,0,Apple
274,176.72,7.66,8.08,8.33,186.73,88.2,74.37,6.15,8.27,6,0,Apple
275,264.73,8.35,11.14,6.82,164.85,126.34,146.9,8.81,7.2,1,2,Mango
276,126.17,5.2,6.67,5.47,218.75,192.65,227.69,3.82,7.42,7,2,Lemon
277,190.35,6.55,6.69,6.02,138.77,137.28,79.34,5.0,6.82,27,0,Guava
278,155.87,7.17,8.16,7.03,205.96,66.94,71.77,7.38,7.87,6,0,Apple
279,185.58,8.14,7.24,7.66,183.58,81.59,40.97,7.43,7.32,7,0,Apple
280,106.9,5.01,6.76,5.19,207.12,197.84,255.0,2.66,6.88,8,2,Lemon
281,120.31,6.58,6.32,5.76,128.97,143.89,123.74,7.08,7.47,25,0,Guava
282,233.54,7.32,6.97,7.03,200.4,107.58,52.95,6.16,7.34,7,0,Apple
283,110.1,6.77,7.33,6.53,133.24,157.16,87.01,6.17,8.94,30,0,Guava
284,198.62,6.64,7.24,5.99,173.06,145.49,99.33,7.11,5.53,38,0,Guava
285,264.77,8.12,10.62,8.03,183.4,205.66,176.16,7.85,7.23,1,2,Mango
286,195.92,5.96,7.76,6.76,169.43,133.63,108.03,6.03,7.03,29,0,Guava
287,194.86,9.4,11.9,7.12,180.74,145.4,193.39,7.55,5.16,1,2,Mango
288,137.2,6.97,7.37,6.05,245.51,103.72,176.64,7.42,7.37,9,0,Orange
289,174.05,7.38,7.3,7.15,196.79,105.25,57.8,7.35,8.04,6,0,Apple
290,150.78,6.12,6.48,5.96,160.55,154.33,109.31,7.0,6.44,37,0,Guava
291,161.98,6.61,7.08,7.0,247.1,146.73,163.42,7.01,7.03,7,0,Orange
292,214.1,7.9,6.88,6.72,110.89,74.13,98.57,7.43,7.55,6,0,Apple
293,169.83,7.46,7.58,6.83,247.47,141.7,221.45,6.52,6.09,7,0,Orange
294,180.29,8.1,7.59,7.78,198.85,131.55,51.31,5.0,9.28,6,0,Apple
295,120.45,3.13,18.01,3.3,183.84,143.44,220.59,8.82,3.29,0,1,Banana
296,135.79,6.9,7.05,7.64,224.68,81.09,180.09,6.57,6.53,8,0,Orange
297,101.49,5.4,7.32,5.03,234.37,207.37,207.72,1.3,6.91,7,2,Lemon
298,106.06,3.01,16.52,3.13,229.79,190.72,254.2,9.81,4.47,0,1,Banana
299,87.27,4.0,6.73,5.18,194.73,192.25,255.0,1.89,7.5,4,2,Lemon
300,282.66,8.97,11.86,7.46,169.79,88.06,183.49,8.63,6.56,1,2,Mango
301,97.06,3.23,15.66,2.65,203.17,129.93,204.96,7.27,4.63,0,1,Banana
302,107.43,5.29,7.69,4.78,243.25,160.58,245.7,1.88,6.18,5,2,Lemon
303,85.83,4.46,6.35,4.62,223.99,225.38,243.04,1.77,6.92,10,2,Lemon
304,87.18,4.92,7.01,5.08,254.64,201.71,247.05,2.34,6.93,8,2,Lemon
305,199.62,7.62,6.88,6.81,205.9,91.99,97.89,7.42,8.31,6,0,Apple
306,186.01,8.01,11.59,6.91,182.1,176.76,142.46,8.36,7.02,1,2,Mango
307,92.99,2.89,16.69,3.67,198.49,191.01,209.23,8.2,5.36,0,1,Banana
308,271.95,8.82,12.07,6.53,150.97,204.21,148.82,8.93,5.31,1,2,Mango
309,130.39,3.21,18.64,3.65,213.46,203.3,173.11,9.27,5.88,0,1,Banana
310,89.06,3.08,16.21,3.69,185.7,215.11,219.33,7.07,4.82,0,1,Banana
311,97.18,2.38,17.15,3.24,202.36,201.97,243.97,7.86,3.37,0,1,Banana
312,101.71,4.56,6.22,5.39,231.33,181.62,220.99,2.09,6.55,9,2,Lemon
313,254.58,7.65,10.18,6.81,197.29,206.92,209.06,7.17,7.42,1,2,Mango
314,141.97,6.41,8.02,5.51,149.13,185.29,75.68,5.86,6.52,29,0,Guava
315,250.85,8.48,9.61,7.3,186.41,136.56,168.83,8.84,4.92,1,2,Mango
316,141.38,3.26,16.75,3.45,200.5,174.97,239.72,7.55,6.31,0,1,Banana
317,278.9,8.9,9.98,7.38,144.54,218.39,135.13,7.77,4.96,1,2,Mango
318,205.04,8.03,6.74,6.56,187.48,103.62,87.36,7.52,7.7,5,0,Apple
319,190.57,6.74,8.64,5.76,137.77,165.47,112.94,8.45,6.4,35,0,Guava
320,108.06,5.2,6.97,5.19,255.0,196.35,236.75,2.64,8.55,6,2,Lemon
321,147.57,3.5,17.12,3.53,244.81,224.01,195.44,7.26,6.98,0,1,Banana
322,308.93,9.3,12.02,7.27,179.01,120.88,150.13,7.77,5.38,1,2,Mango
323,206.91,6.53,6.62,5.77,168.8,110.88,116.01,7.32,7.39,29,0,Guava
324,151.68,6.33,6.99,6.28,159.37,96.06,142.62,6.35,7.52,23,0,Guava
325,152.47,6.44,6.31,6.9,230.85,101.85,169.31,7.25,4.78,6,0,Orange
326,234.33,8.96,13.19,7.89,148.29,138.03,181.42,8.62,6.54,1,2,Mango
327,217.27,8.52,11.19,6.71,161.99,192.05,184.62,7.57,4.46,1,2,Mango
328,151.22,7.29,11.63,7.32,157.35,146.97,177.88,9.16,6.14,1,2,Mango
329,152.3,6.43,6.98,5.65,130.93,151.27,101.69,5.93,6.84,30,0,Guava
330,191.42,7.2,7.04,7.23,155.1,94.74,46.55,7.01,8.38,6,0,Apple
331,230.22,7.69,11.92,7.77,212.26,116.91,152.34,8.82,5.93,1,2,Mango
332,176.19,7.67,7.65,6.92,181.87,114.63,41.62,6.18,8.16,7,0,Apple
333,107.91,3.64,16.69,3.44,176.32,221.56,232.05,7.85,6.08,0,1,Banana
334,185.26,7.22,7.2,7.06,227.38,143.82,152.69,5.74,6.99,9,0,Orange
335,245.51,8.84,10.27,7.68,212.29,159.6,178.48,8.43,5.17,1,2,Mango
336,104.14,4.58,6.9,4.79,237.88,177.47,224.73,2.58,8.31,12,2,Lemon
337,149.44,7.61,8.02,6.66,152.97,76.53,45.63,7.81,8.19,4,0,Apple
338,146.77,3.12,15.77,3.23,211.84,176.97,242.67,7.71,5.85,0,1,Banana
339,282.71,9.21,10.85,7.44,180.71,106.28,168.41,9.44,6.24,1,2,Mango
340,257.97,8.71,11.35,7.7,178.34,125.53,215.14,9.23,5.24,1,2,Mango
341,144.94,6.73,7.71,7.08,221.72,122.21,197.06,8.52,5.85,8,0,Orange
342,88.54,5.5,7.94,5.32,239.13,164.89,242.31,1.51,6.31,7,2,Lemon
343,182.62,6.98,7.09,6.77,231.79,130.72,154.31,7.09,6.01,13,0,Orange
344,109.81,3.01,19.49,3.4,206.19,187.47,177.86,7.97,7.5,0,1,Banana
345,137.82,6.72,6.96,6.43,223.66,127.14,162.01,6.96,6.48,7,0,Orange
346,79.96,4.97,6.97,5.85,205.61,194.58,244.25,2.5,7.59,5,2,Lemon
347,78.5,4.72,7.54,5.22,252.22,226.08,237.02,2.25,8.58,8,2,Lemon
348,182.7,8.09,6.48,6.84,144.97,69.12,62.91,7.52,8.22,5,0,Apple
349,158.16,6.52,7.02,6.41,154.28,153.68,117.26,5.96,6.15,45,0,Guava
350,288.66,8.62,9.93,7.89,216.69,119.28,174.78,7.29,4.74,1,2,Mango
351,123.07,3.03,17.55,3.22,195.85,167.75,223.97,7.39,4.69,0,1,Banana
352,216.58,7.79,12.53,6.65,208.17,137.42,169.71,8.79,6.58,1,2,Mango
353,137.33,2.98,16.22,3.44,227.79,176.01,194.27,6.91,4.07,0,1,Banana
354,169.82,6.28,6.09,6.42,173.13,169.38,113.44,6.15,6.27,33,0,Guava
355,100.42,4.47,6.64,4.51,225.39,222.56,255.0,1.85,7.92,8,2,Lemon
356,121.97,3.54,17.48,2.62,206.57,170.93,255.0,6.83,5.11,0,1,Banana
357,129.77,5.6,7.27,7.25,189.74,148.57,105.18,7.39,8.01,28,0,Guava
358,227.55,9.03,12.47,8.16,206.86,177.44,193.32,8.69,6.09,1,2,Mango
359,301.72,8.47,10.09,7.98,175.74,155.26,158.81,9.65,5.12,1,2,Mango
360,75.95,5.0,7.01,4.32,215.29,183.53,241.2,2.87,7.03,8,2,Lemon
361,110.11,2.86,15.72,3.33,215.89,155.19,220.53,8.46,6.12,0,1,Banana
362,78.35,5.38,6.78,4.43,217.33,137.52,233.19,2.36,8.16,3,2,Lemon
363,220.42,7.56,6.75,7.35,184.11,57.71,50.4,6.26,8.74,6,0,Apple
364,115.12,2.92,16.2,2.81,214.27,172.91,211.2,5.64,4.25,0,1,Banana
365,116.86,7.28,6.44,7.12,216.69,104.12,161.16,7.04,5.98,9,0,Orange
366,143.31,6.3,7.24,5.47,135.24,179.53,70.25,7.62,8.36,28,0,Guava
367,172.93,7.45,7.3,7.68,160.01,64.17,74.88,6.59,6.87,6,0,Apple
368,300.11,7.99,11.76,7.63,197.13,155.11,153.9,7.56,6.87,1,2,Mango
369,192.55,6.96,6.79,6.79,246.51,137.16,181.21,6.97,6.96,7,0,Orange
370,143.59,7.35,7.57,7.42,218.67,75.69,134.66,8.48,6.18,6,0,Orange
371,155.0,5.31,6.83,6.59,149.07,172.88,88.0,5.19,6.94,30,0,Guava
372,119.2,3.59,18.12,3.53,193.78,188.1,234.57,7.54,6.06,0,1,Banana
373,133.45,3.22,15.82,3.42,220.42,177.2,224.39,7.79,6.98,0,1,Banana
374,160.32,6.68,7.15,6.97,210.0,98.51,181.3,4.86,6.66,7,0,Orange
375,229.8,9.41,10.42,7.93,172.88,161.37,202.43,9.02,6.91,1,2,Mango
376,132.29,6.47,7.04,6.52,219.46,111.07,161.19,8.39,7.03,8,0,Orange
377,92.57,4.5,6.82,4.77,215.81,219.63,242.2,3.6,7.71,7,2,Lemon
378,147.44,7.24,7.16,6.5,181.11,164.06,87.04,4.06,6.57,34,0,Guava
379,141.29,7.05,6.57,6.44,156.7,116.08,78.62,6.51,8.78,33,0,Guava
380,110.99,6.47,6.72,6.0,165.72,181.94,98.13,7.28,7.04,26,0,Guava
381,97.2,4.69,7.19,5.65,226.84,219.24,223.9,2.47,8.0,8,2,Lemon
382,228.01,9.34,11.82,8.12,166.11,146.68,150.47,8.21,5.74,1,2,Mango
383,137.41,3.66,16.3,3.39,196.94,159.29,235.49,7.97,7.24,0,1,Banana
384,118.38,5.16,7.31,5.11,238.88,181.74,239.09,2.28,7.85,8,2,Lemon
385,170.67,6.57,6.59,7.63,216.15,106.21,169.22,7.12,5.78,7,0,Orange
386,250.36,8.43,12.56,7.01,255.0,156.26,184.52,8.87,7.88,1,2,Mango
387,170.96,7.08,7.0,7.6,145.86,97.75,45.3,8.15,6.08,5,0,Apple
388,175.97,6.63,6.7,7.01,232.6,91.59,166.39,7.21,6.33,6,0,Orange
389,123.05,3.07,16.91,2.66,214.64,196.14,188.49,7.47,4.34,0,1,Banana
390,67.39,5.11,6.4,5.16,208.11,176.51,226.16,2.44,7.76,8,2,Lemon
391,202.47,8.95,11.85,8.05,194.91,151.26,204.99,8.83,6.07,1,2,Mango
392,157.45,6.16,7.89,6.7,138.04,167.81,110.15,5.98,7.68,32,0,Guava
393,87.0,4.7,7.97,4.44,211.94,201.4,207.16,3.52,8.0,9,2,Lemon
394,217.29,9.93,11.43,7.3,185.65,84.92,156.0,9.19,5.37,1,2,Mango
395,95.68,5.09,6.85,4.9,243.04,188.09,239.76,2.35,6.98,8,2,Lemon
396,154.88,6.66,6.32,5.61,132.82,130.88,92.12,7.13,6.85,31,0,Guava
397,195.34,8.93,10.32,8.32,142.11,112.22,185.43,9.66,6.32,1,2,Mango
398,82.95,4.51,7.39,5.19,219.4,182.46,220.58,2.38,7.05,5,2,Lemon
399,196.14,7.51,7.11,6.88,228.02,129.09,202.0,7.58,7.08,10,0,Orange
400,86.13,4.9,6.62,4.95,229.22,158.19,210.23,2.84,6.85,8,2,Lemon
401,138.22,6.2,7.73,6.04,173.95,138.74,95.95,6.25,8.16,21,0,Guava
402,140.1,7.15,7.19,5.92,137.87,141.01,112.22,7.84,7.95,32,0,Guava
403,128.11,3.2,16.38,3.23,206.68,168.25,255.0,7.92,5.26,0,1,Banana
404,90.15,3.2,17.91,3.21,176.66,166.86,213.45,7.88,4.94,0,1,Banana
405,150.85,6.64,7.28,6.24,152.0,189.5,129.19,6.98,8.55,28,0,Guava
406,85.98,6.3,7.28,6.37,161.89,188.02,112.64,7.3,6.15,25,0,Guava
407,193.99,6.09,6.63,5.86,163.09,120.67,95.43,4.35,7.22,27,0,Guava
408,216.89,8.92,14.35,7.31,186.77,131.61,162.8,9.58,5.33,1,2,Mango
409,241.48,10.32,11.27,7.63,175.06,156.17,195.89,8.42,7.78,1,2,Mango
410,121.22,3.36,18.84,2.7,179.72,180.26,205.7,9.05,5.18,0,1,Banana
411,84.26,4.53,7.08,4.73,190.97,200.15,249.48,4.52,7.19,6,2,Lemon
412,140.15,6.38,7.2,6.99,222.63,126.52,225.35,7.95,7.34,10,0,Orange
413,303.03,8.62,13.97,7.59,177.75,145.12,181.41,8.8,8.08,1,2,Mango
414,86.18,4.18,6.89,4.61,239.11,197.05,225.99,2.97,8.08,5,2,Lemon
415,93.52,3.35,13.88,3.49,183.14,176.34,217.62,8.94,5.32,0,1,Banana
416,297.89,8.91,12.48,7.52,204.42,92.16,196.58,8.62,6.63,1,2,Mango
417,113.2,3.47,14.9,3.56,203.17,184.42,197.46,9.06,6.75,0,1,Banana
418,164.12,6.58,6.61,7.13,146.21,174.39,56.63,7.78,8.32,30,0,Guava
419,115.75,3.11,17.66,3.81,185.87,194.25,182.14,8.17,7.08,0,1,Banana
420,82.03,5.66,6.79,4.49,207.11,155.32,255.0,3.6,7.98,5,2,Lemon
421,138.2,7.39,7.07,7.14,236.9,142.9,171.65,8.47,6.75,9,0,Orange
422,169.23,7.5,7.56,7.0,194.25,134.3,125.61,8.52,6.64,10,0,Orange
423,123.31,3.49,17.91,3.13,222.56,177.77,220.03,9.18,3.05,0,1,Banana
424,96.19,3.05,18.13,3.27,198.29,158.14,205.75,7.3,7.78,0,1,Banana
425,136.47,6.62,6.69,6.17,166.03,146.28,109.52,8.09,6.85,36,0,Guava
426,230.01,8.96,11.8,7.8,183.37,180.09,198.12,8.81,6.93,1,2,Mango
427,187.78,8.45,11.8,8.43,187.15,74.97,172.65,10.0,6.87,1,2,Mango
428,187.05,6.68,6.54,7.38,237.38,113.83,138.36,6.53,6.46,10,0,Orange
429,81.67,5.14,7.02,4.69,219.09,179.84,210.31,2.81,7.69,9,2,Lemon
430,166.1,6.17,7.16,6.2,167.53,157.95,43.54,6.68,7.58,32,0,Guava
431,180.46,8.32,12.6,7.78,152.27,163.32,121.56,8.34,7.14,1,2,Mango
432,147.67,3.63,16.94,3.41,198.78,175.58,208.01,9.3,5.86,0,1,Banana
433,90.77,4.89,6.91,4.85,255.0,185.21,235.79,1.81,8.07,10,2,Lemon
434,156.59,7.57,7.65,7.1,217.67,153.36,168.78,7.31,6.23,6,0,Orange
435,79.21,5.21,6.98,4.86,231.43,166.91,221.59,1.0,7.95,5,2,Lemon
436,153.99,7.71,7.14,6.58,208.21,72.9,45.39,5.93,7.48,6,0,Apple
437,116.46,2.87,17.16,2.82,193.57,180.67,246.38,10.0,4.91,0,1,Banana
438,83.82,4.35,7.38,5.41,245.33,150.24,212.28,1.82,6.23,7,2,Lemon
439,158.33,5.53,6.98,5.84,157.53,128.06,113.48,6.52,8.26,30,0,Guava
440,86.2,2.88,18.81,3.38,217.42,221.49,229.37,8.53,8.21,0,1,Banana
441,178.25,6.13,6.96,5.48,183.08,206.63,106.6,4.37,7.55,25,0,Guava
442,175.27,7.65,7.36,7.99,176.43,55.46,74.21,6.67,8.89,6,0,Apple
443,110.37,2.73,15.43,3.14,187.52,185.26,210.68,9.9,3.76,0,1,Banana
444,226.2,7.42,7.95,6.9,199.68,91.39,39.36,7.18,8.97,6,0,Apple
445,139.87,7.39,7.49,6.6,237.4,123.06,181.09,7.41,7.46,8,0,Orange
446,170.95,7.28,7.61,7.41,191.96,85.28,61.06,7.42,6.45,7,0,Apple
447,119.05,6.89,7.72,6.83,231.51,145.41,212.14,6.68,6.49,12,0,Orange
448,131.8,2.87,19.62,3.61,215.22,178.93,215.82,8.54,5.13,0,1,Banana
449,254.84,7.84,11.83,8.31,172.74,156.85,106.26,8.47,5.69,1,2,Mango
450,95.04,2.78,17.24,3.08,216.8,186.31,226.42,8.19,7.08,0,1,Banana
451,154.41,7.58,7.3,8.01,205.88,92.14,81.34,5.81,7.49,5,0,Apple
452,189.21,7.88,6.94,7.77,211.71,89.66,59.22,7.27,7.31,6,0,Apple
453,192.0,6.71,7.62,7.6,157.24,75.57,59.75,7.05,7.77,6,0,Apple
454,99.7,3.05,17.71,2.6,214.26,222.57,210.93,8.21,6.52,0,1,Banana
455,116.09,3.14,18.09,3.72,213.26,152.21,236.49,8.74,6.15,0,1,Banana
456,194.54,6.6,6.96,7.19,255.0,151.64,192.39,6.85,5.79,10,0,Orange
457,106.0,5.8,6.55,5.77,162.83,125.01,42.13,5.46,6.58,27,0,Guava
458,133.42,6.78,7.13,6.08,138.76,158.15,96.81,5.39,6.7,32,0,Guava
459,177.39,7.39,7.62,7.71,217.0,125.25,170.23,7.11,5.98,5,0,Orange
460,89.91,4.53,7.4,4.78,245.91,175.85,210.97,2.47,8.54,7,2,Lemon
461,136.91,7.7,7.41,6.88,167.2,112.41,46.29,9.24,8.0,6,0,Apple
462,140.98,7.37,7.24,7.36,204.77,91.89,67.03,6.31,8.72,8,0,Apple
463,150.19,7.39,7.21,6.72,217.01,95.35,175.81,6.88,4.6,7,0,Orange
464,82.83,4.98,8.05,4.7,247.3,190.78,241.23,2.56,8.18,6,2,Lemon
465,272.98,7.66,10.87,8.04,193.92,135.87,186.16,8.46,6.01,1,2,Mango
466,89.2,4.48,7.89,4.86,208.71,176.03,206.66,1.62,8.31,11,2,Lemon
467,134.57,3.23,13.85,3.0,222.38,205.32,242.18,6.73,5.8,0,1,Banana
468,168.57,6.52,6.97,6.55,152.11,159.74,83.84,7.8,5.97,28,0,Guava
469,97.85,5.32,7.27,4.99,207.28,187.9,212.39,1.0,8.09,5,2,Lemon
470,142.95,6.45,6.89,7.74,177.88,88.96,74.61,8.33,7.94,7,0,Apple
471,91.99,5.13,7.33,4.38,223.83,223.41,255.0,3.29,7.77,5,2,Lemon
472,103.88,4.31,7.74,4.94,243.19,197.74,235.73,2.28,7.79,6,2,Lemon
473,128.17,7.69,7.21,7.15,225.36,121.89,189.29,7.17,6.92,8,0,Orange
474,264.54,8.31,10.4,7.83,185.31,171.65,194.75,7.5,4.57,1,2,Mango
475,126.1,7.12,7.37,6.59,230.14,122.91,206.84,8.93,5.17,13,0,Orange
476,279.03,9.73,11.58,7.47,192.73,205.97,149.41,8.64,5.2,1,2,Mango
477,179.63,8.63,11.73,8.35,168.29,153.88,182.82,8.32,6.74,1,2,Mango
478,170.57,7.16,6.97,7.31,229.32,116.23,163.76,9.02,5.11,9,0,Orange
479,141.28,6.57,6.98,6.51,235.03,125.93,179.62,7.66,6.98,7,0,Orange
480,198.58,7.74,6.9,7.5,187.92,89.37,70.69,7.22,8.54,6,0,Apple
481,167.9,7.02,7.63,7.67,247.0,108.05,174.03,7.6,5.05,9,0,Orange
482,60.06,5.53,5.48,5.13,224.84,143.0,241.69,3.42,7.79,8,2,Lemon
483,95.81,5.14,7.17,5.39,244.84,168.8,246.94,3.21,7.75,9,2,Lemon
484,138.92,6.99,6.64,6.03,155.26,155.01,110.19,8.59,7.3,18,0,Guava
485,118.93,2.98,16.88,3.49,210.05,183.51,233.4,7.7,6.26,0,1,Banana
486,107.7,6.69,7.16,6.92,237.16,139.21,182.17,7.01,5.02,7,0,Orange
487,155.39,6.48,7.22,6.4,156.48,138.97,138.88,5.45,7.38,28,0,Guava
488,85.54,4.83,7.26,4.66,229.85,168.78,221.78,3.01,8.21,5,2,Lemon
489,103.01,3.9,7.21,5.7,197.85,185.17,234.88,2.13,8.33,8,2,Lemon
490,162.16,7.94,6.95,7.13,218.02,118.67,174.98,7.96,6.76,11,0,Orange
491,247.77,9.31,13.3,7.72,175.59,219.78,164.31,8.1,4.23,1,2,Mango
492,109.54,2.52,18.46,3.27,191.77,178.16,208.33,7.58,6.11,0,1,Banana
493,191.58,6.81,7.3,7.73,194.36,97.64,29.72,7.33,7.76,6,0,Apple
494,144.12,7.09,6.59,6.74,219.86,141.17,186.01,7.45,5.42,7,0,Orange
495,158.6,7.29,6.76,6.57,233.36,135.82,176.65,6.47,7.04,7,0,Orange
496,154.14,7.61,6.56,7.6,164.84,59.35,67.85,7.24,7.51,7,0,Apple
497,156.12,6.98,6.67,6.02,159.54,165.38,88.52,6.43,6.92,19,0,Guava
498,188.69,7.32,7.07,7.48,200.48,78.21,74.15,5.86,8.01,9,0,Apple
499,199.56,7.41,7.73,7.74,230.52,99.62,26.7,6.93,7.06,5,0,Apple
500,176.54,6.77,7.04,5.96,128.23,142.23,113.2,6.84,5.11,26,0,Guava
501,175.2,7.57,6.91,7.19,226.41,131.58,201.32,7.66,5.08,9,0,Orange
502,298.67,8.3,11.32,7.31,137.08,111.04,199.03,7.02,5.23,1,2,Mango
503,150.06,6.73,7.27,7.1,208.93,145.21,168.12,6.2,7.45,9,0,Orange
504,105.64,3.33,18.16,3.14,191.42,232.75,226.54,7.41,6.42,0,1,Banana
505,161.96,7.64,7.16,8.34,224.33,92.72,41.26,5.89,8.95,6,0,Apple
506,102.73,4.76,7.43,5.09,243.99,192.81,255.0,3.34,7.76,5,2,Lemon
507,96.29,5.05,7.6,4.54,225.56,189.64,230.91,2.19,7.56,7,2,Lemon
508,149.22,6.64,5.99,6.83,235.54,116.12,208.71,7.21,7.53,9,0,Orange
509,163.98,5.84,6.45,5.92,133.63,152.74,117.29,7.76,7.28,28,0,Guava
510,148.04,7.56,7.06,7.08,247.68,108.85,150.14,7.02,7.16,5,0,Orange
511,266.88,7.39,10.55,8.18,230.62,108.53,166.77,8.53,7.78,1,2,Mango
512,166.72,7.36,7.4,7.46,229.97,130.46,180.23,7.33,6.18,7,0,Orange
513,180.11,6.54,6.29,7.36,154.28,164.61,112.99,6.13,6.35,41,0,Guava
514,310.87,9.95,11.02,6.84,129.08,137.68,167.09,8.04,6.22,1,2,Mango
515,164.66,6.59,6.14,7.16,119.03,165.49,112.8,6.78,6.55,34,0,Guava
516,142.07,2.34,17.02,3.25,178.46,177.35,244.98,7.13,5.84,0,1,Banana
517,168.98,7.51,7.32,7.12,196.78,74.33,47.59,8.36,7.17,4,0,Apple
518,160.66,6.25,7.55,5.9,140.41,195.91,122.37,6.14,7.26,31,0,Guava
519,141.49,2.55,14.48,3.54,211.09,181.26,193.47,7.98,7.5,0,1,Banana
520,73.36,5.07,7.11,4.52,221.85,150.43,248.9,1.88,7.47,4,2,Lemon
521,93.79,4.83,6.49,4.38,195.28,185.3,212.96,1.7,7.18,4,2,Lemon
522,142.64,7.81,8.12,7.48,176.57,82.16,66.07,5.27,8.13,6,0,Apple
523,190.36,7.05,6.24,7.52,164.68,76.69,43.98,6.86,8.85,6,0,Apple
524,112.94,3.24,16.28,2.96,193.08,159.13,196.73,8.13,6.23,0,1,Banana
525,175.51,7.59,7.57,7.22,198.03,79.68,52.88,7.83,6.41,5,0,Apple
526,141.56,6.87,7.09,5.71,119.62,183.06,128.92,6.82,8.35,35,0,Guava
527,228.54,9.43,11.13,7.86,148.07,139.86,133.51,7.76,6.84,1,2,Mango
528,135.69,3.03,16.58,2.94,190.84,129.29,234.6,9.45,6.93,0,1,Banana
529,148.53,6.62,7.62,7.25,239.07,147.45,226.25,5.66,5.91,7,0,Orange
530,155.75,7.1,7.8,7.31,220.1,76.15,81.19,7.13,8.21,8,0,Apple
531,238.52,7.58,10.02,7.21,184.79,126.75,190.63,8.3,5.03,1,2,Mango
532,134.27,7.3,6.98,5.99,198.08,106.67,180.62,7.3,6.65,12,0,Orange
533,146.77,7.68,7.19,7.32,231.86,114.44,170.22,8.49,6.94,5,0,Orange
534,152.44,7.4,6.79,6.0,141.23,196.47,48.75,5.5,9.46,33,0,Guava
535,174.87,6.2,6.66,6.46,199.53,195.59,112.19,6.96,7.71,24,0,Guava
536,96.56,5.06,6.89,4.78,248.48,190.07,229.08,2.05,7.06,4,2,Lemon
537,131.85,6.59,7.07,6.85,250.99,142.18,179.91,7.33,6.81,6,0,Orange
538,132.18,7.71,7.36,7.0,253.85,127.87,169.44,6.61,6.97,9,0,Orange
539,125.19,3.12,17.44,3.32,197.79,188.3,255.0,6.58,5.82,0,1,Banana
540,159.04,6.62,7.34,7.08,159.27,152.17,135.17,7.47,6.71,30,0,Guava
541,154.48,7.79,7.15,7.02,185.14,164.2,85.22,7.56,5.65,38,0,Guava
542,97.65,3.14,17.66,4.03,185.21,211.8,223.0,8.33,5.62,0,1,Banana
543,195.3,7.65,9.16,6.97,200.69,97.05,140.8,9.75,5.36,1,2,Mango
544,201.98,7.85,7.23,7.91,196.69,67.81,61.64,6.04,8.7,6,0,Apple
545,95.81,5.17,7.83,4.43,215.06,193.16,226.54,3.13,7.35,5,2,Lemon
546,158.87,7.01,7.36,7.57,217.18,107.0,52.62,5.76,7.74,6,0,Apple
547,176.87,6.51,7.56,8.14,235.5,135.5,160.14,5.57,6.02,6,0,Orange
548,122.72,7.64,7.23,7.59,225.41,43.74,44.36,7.59,6.73,7,0,Apple
549,75.24,4.78,7.05,4.72,237.78,216.09,220.36,1.91,6.35,11,2,Lemon
550,118.22,6.01,7.2,7.13,164.84,145.33,120.32,6.26,6.66,25,0,Guava
551,176.45,6.62,6.07,5.86,169.12,155.53,51.12,7.74,7.12,26,0,Guava
552,250.67,8.74,11.07,7.66,180.78,97.54,175.24,7.73,4.27,1,2,Mango
553,161.21,7.68,7.45,7.12,209.69,108.15,80.85,7.53,9.09,4,0,Apple
554,201.68,7.46,10.7,6.98,199.59,163.03,152.4,8.32,4.14,1,2,Mango
555,178.84,8.92,13.44,7.86,221.54,119.62,180.91,7.84,5.77,1,2,Mango
556,140.18,7.63,6.42,6.42,246.65,149.42,155.1,6.63,6.99,3,0,Orange
557,170.25,6.88,7.49,7.3,148.23,64.69,60.64,7.84,9.6,9,0,Apple
558,262.17,7.95,11.92,7.43,169.79,121.71,241.79,8.32,4.54,1,2,Mango
559,250.79,7.88,11.01,6.89,153.03,157.05,146.92,8.72,4.7,1,2,Mango
560,134.27,6.48,7.79,6.82,229.62,117.75,151.11,6.99,8.47,11,0,Orange
561,162.97,2.87,17.35,3.84,231.45,157.59,224.48,8.0,5.78,0,1,Banana
562,62.41,4.48,7.36,3.83,247.04,153.53,247.65,1.79,8.34,13,2,Lemon
563,154.69,6.05,6.23,5.79,153.92,176.7,123.05,7.13,6.34,30,0,Guava
564,105.14,5.38,7.36,4.29,209.85,184.5,246.69,2.48,8.41,10,2,Lemon
565,90.08,4.71,7.21,4.17,186.71,217.45,248.56,1.66,7.5,9,2,Lemon
566,126.51,7.41,6.69,7.04,226.36,107.76,150.34,7.45,7.3,8,0,Orange
567,128.02,5.07,7.36,4.21,216.27,214.58,241.03,1.0,8.04,11,2,Lemon
568,138.44,2.97,15.79,2.65,205.2,160.46,188.98,8.36,5.05,0,1,Banana
569,171.66,6.61,7.25,5.66,199.62,139.78,108.36,7.35,6.11,27,0,Guava
570,76.83,5.56,7.57,4.75,225.66,173.67,248.35,2.2,7.29,8,2,Lemon
571,119.75,6.98,7.07,6.92,202.86,124.95,33.82,6.16,8.19,8,0,Apple
572,143.23,6.45,6.95,6.26,150.3,161.31,120.06,5.27,6.05,21,0,Guava
573,115.35,5.47,7.35,4.93,223.42,164.78,231.76,2.58,7.68,8,2,Lemon
574,155.26,7.71,7.01,6.28,255.0,137.28,168.6,6.87,7.37,7,0,Orange
575,202.9,6.9,7.21,7.18,176.81,105.06,64.69,8.34,7.88,5,0,Apple
576,280.08,8.1,11.55,7.19,171.84,111.25,206.64,9.25,6.54,1,2,Mango
577,171.21,7.2,7.12,6.17,173.93,176.72,97.81,6.83,8.06,39,0,Guava
578,119.01,3.54,19.4,2.87,204.38,208.95,230.16,8.16,5.28,0,1,Banana
579,144.72,6.35,6.89,7.36,221.87,112.51,133.57,8.78,7.16,10,0,Orange
580,105.95,3.35,18.33,2.42,231.43,98.81,207.68,8.82,5.18,0,1,Banana
581,276.6,8.05,10.15,7.33,187.29,88.84,146.27,8.51,5.59,1,2,Mango
582,175.43,6.16,7.17,6.27,128.68,139.77,132.66,6.7,6.09,32,0,Guava
583,130.61,6.73,7.18,5.81,184.92,157.56,70.42,6.45,7.25,35,0,Guava
584,177.77,9.34,11.16,7.55,153.02,160.79,158.72,8.57,5.72,1,2,Mango
585,229.01,7.83,11.73,7.24,173.23,167.18,145.96,7.87,6.15,1,2,Mango
586,120.96,2.57,18.42,3.53,205.48,112.98,200.07,8.99,2.72,0,1,Banana
587,201.76,8.17,8.01,7.99,182.26,92.05,68.8,7.12,8.1,7,0,Apple
588,252.08,8.92,12.44,7.96,182.48,186.61,180.71,8.94,6.28,1,2,Mango
589,186.97,7.05,7.53,7.43,137.7,45.83,54.78,6.78,7.92,6,0,Apple
590,141.17,6.86,7.07,6.88,147.62,166.69,115.12,8.0,5.46,28,0,Guava
591,274.76,9.74,12.44,7.99,255.0,160.48,187.12,8.99,4.99,1,2,Mango
592,157.91,6.87,8.18,7.16,219.21,112.5,151.15,8.04,6.21,8,0,Orange
593,109.43,6.34,7.28,5.99,218.02,177.14,131.09,7.3,8.67,26,0,Guava
594,135.96,3.05,17.22,3.09,162.27,140.55,183.79,6.2,4.3,0,1,Banana
595,188.44,8.13,7.24,7.69,133.75,84.03,39.82,5.78,7.3,6,0,Apple
596,179.66,7.82,6.73,7.39,179.73,60.68,26.86,7.69,7.72,5,0,Apple
597,117.23,3.64,16.82,3.64,198.4,173.49,198.56,8.36,6.95,0,1,Banana
598,178.86,6.56,7.43,7.47,233.16,121.83,178.01,4.62,6.74,8,0,Orange
599,145.01,5.98,7.04,5.64,129.32,136.23,121.88,6.14,6.6,40,0,Guava
600,126.12,3.29,18.11,3.48,172.06,165.89,176.4,8.03,5.5,0,1,Banana
